Column1,Column2
customer_id,city
CUST1000,Delhi
CUST1001,Mumbai
CUST1002,Chennai
CUST1003,Hyderabad
CUST1004,Hyderabad
CUST1005,Bangalore
CUST1006,Delhi
CUST1007,Ahmedabad
CUST1008,Delhi
CUST1009,Noida
CUST1010,Kolkata
CUST1011,Mumbai
CUST1012,Mumbai
CUST1013,Delhi
CUST1014,Hyderabad
CUST1015,Hyderabad
CUST1016,Ahmedabad
CUST1017,Noida
CUST1018,Mumbai
CUST1019,Ahmedabad
CUST1020,Hyderabad
CUST1021,Ahmedabad
CUST1022,Kolkata
CUST1023,Hyderabad
CUST1024,Jaipur
CUST1025,Noida
CUST1026,Chennai
CUST1027,Mumbai
CUST1028,Bangalore
CUST1029,Kolkata
CUST1030,Pune
CUST1031,Chennai
CUST1032,Bangalore
CUST1033,Hyderabad
CUST1034,Pune
CUST1035,Delhi
CUST1036,Delhi
CUST1037,Kolkata
CUST1038,Delhi
CUST1039,Pune
CUST1040,Pune
CUST1041,Noida
CUST1042,Chennai
CUST1043,Mumbai
CUST1044,Jaipur
CUST1045,Ahmedabad
CUST1046,Delhi
CUST1047,Kolkata
CUST1048,Delhi
CUST1049,Ahmedabad
CUST1050,Chennai
CUST1051,Noida
CUST1052,Pune
CUST1053,Noida
CUST1054,Hyderabad
CUST1055,Delhi
CUST1056,Mumbai
CUST1057,Hyderabad
CUST1058,Chennai
CUST1059,Delhi
CUST1060,Hyderabad
CUST1061,Delhi
CUST1062,Kolkata
CUST1063,Chennai
CUST1064,Jaipur
CUST1065,Pune
CUST1066,Bangalore
CUST1067,Pune
CUST1068,Pune
CUST1069,Hyderabad
CUST1070,Chennai
CUST1071,Delhi
CUST1072,Noida
CUST1073,Bangalore
CUST1074,Ahmedabad
CUST1075,Hyderabad
CUST1076,Bangalore
CUST1077,Jaipur
CUST1078,Kolkata
CUST1079,Chennai
CUST1080,Ahmedabad
CUST1081,Hyderabad
CUST1082,Pune
CUST1083,Mumbai
CUST1084,Hyderabad
CUST1085,Mumbai
CUST1086,Pune
CUST1087,Kolkata
CUST1088,Chennai
CUST1089,Delhi
CUST1090,Hyderabad
CUST1091,Noida
CUST1092,Pune
CUST1093,Hyderabad
CUST1094,Jaipur
CUST1095,Kolkata
CUST1096,Jaipur
CUST1097,Bangalore
CUST1098,Chennai
CUST1099,Bangalore
CUST1100,Hyderabad
CUST1101,Ahmedabad
CUST1102,Ahmedabad
CUST1103,Chennai
CUST1104,Noida
CUST1105,Kolkata
CUST1106,Noida
CUST1107,Kolkata
CUST1108,Pune
CUST1109,Hyderabad
CUST1110,Bangalore
CUST1111,Ahmedabad
CUST1112,Jaipur
CUST1113,Delhi
CUST1114,Mumbai
CUST1115,Delhi
CUST1116,Bangalore
CUST1117,Bangalore
CUST1118,Kolkata
CUST1119,Noida
CUST1120,Delhi
CUST1121,Kolkata
CUST1122,Kolkata
CUST1123,Noida
CUST1124,Jaipur
CUST1125,Ahmedabad
CUST1126,Chennai
CUST1127,Ahmedabad
CUST1128,Mumbai
CUST1129,Delhi
CUST1130,Ahmedabad
CUST1131,Chennai
CUST1132,Pune
CUST1133,Delhi
CUST1134,Chennai
CUST1135,Kolkata
CUST1136,Bangalore
CUST1137,Jaipur
CUST1138,Mumbai
CUST1139,Chennai
CUST1140,Ahmedabad
CUST1141,Bangalore
CUST1142,Ahmedabad
CUST1143,Delhi
CUST1144,Chennai
CUST1145,Ahmedabad
CUST1146,Noida
CUST1147,Hyderabad
CUST1148,Bangalore
CUST1149,Pune
CUST1150,Bangalore
CUST1151,Ahmedabad
CUST1152,Ahmedabad
CUST1153,Mumbai
CUST1154,Noida
CUST1155,Pune
CUST1156,Jaipur
CUST1157,Mumbai
CUST1158,Delhi
CUST1159,Pune
CUST1160,Chennai
CUST1161,Hyderabad
CUST1162,Mumbai
CUST1163,Hyderabad
CUST1164,Noida
CUST1165,Delhi
CUST1166,Delhi
CUST1167,Jaipur
CUST1168,Delhi
CUST1169,Ahmedabad
CUST1170,Bangalore
CUST1171,Bangalore
CUST1172,Jaipur
CUST1173,Ahmedabad
CUST1174,Bangalore
CUST1175,Chennai
CUST1176,Ahmedabad
CUST1177,Noida
CUST1178,Kolkata
CUST1179,Hyderabad
CUST1180,Ahmedabad
CUST1181,Hyderabad
CUST1182,Chennai
CUST1183,Kolkata
CUST1184,Pune
CUST1185,Jaipur
CUST1186,Ahmedabad
CUST1187,Jaipur
CUST1188,Delhi
CUST1189,Hyderabad
CUST1190,Hyderabad
CUST1191,Delhi
CUST1192,Pune
CUST1193,Mumbai
CUST1194,Noida
CUST1195,Ahmedabad
CUST1196,Hyderabad
CUST1197,Noida
CUST1198,Hyderabad
CUST1199,Mumbai
CUST1200,Delhi
CUST1201,Mumbai
CUST1202,Hyderabad
CUST1203,Delhi
CUST1204,Mumbai
CUST1205,Pune
CUST1206,Delhi
CUST1207,Ahmedabad
CUST1208,Hyderabad
CUST1209,Chennai
CUST1210,Jaipur
CUST1211,Hyderabad
CUST1212,Ahmedabad
CUST1213,Bangalore
CUST1214,Noida
CUST1215,Noida
CUST1216,Jaipur
CUST1217,Hyderabad
CUST1218,Jaipur
CUST1219,Kolkata
CUST1220,Hyderabad
CUST1221,Delhi
CUST1222,Delhi
CUST1223,Kolkata
CUST1224,Pune
CUST1225,Kolkata
CUST1226,Kolkata
CUST1227,Jaipur
CUST1228,Mumbai
CUST1229,Delhi
CUST1230,Mumbai
CUST1231,Kolkata
CUST1232,Pune
CUST1233,Delhi
CUST1234,Hyderabad
CUST1235,Hyderabad
CUST1236,Hyderabad
CUST1237,Ahmedabad
CUST1238,Jaipur
CUST1239,Bangalore
CUST1240,Kolkata
CUST1241,Bangalore
CUST1242,Chennai
CUST1243,Jaipur
CUST1244,Hyderabad
CUST1245,Delhi
CUST1246,Jaipur
CUST1247,Ahmedabad
CUST1248,Delhi
CUST1249,Mumbai
CUST1250,Ahmedabad
CUST1251,Mumbai
CUST1252,Delhi
CUST1253,Hyderabad
CUST1254,Bangalore
CUST1255,Kolkata
CUST1256,Jaipur
CUST1257,Jaipur
CUST1258,Hyderabad
CUST1259,Kolkata
CUST1260,Mumbai
CUST1261,Bangalore
CUST1262,Kolkata
CUST1263,Mumbai
CUST1264,Kolkata
CUST1265,Chennai
CUST1266,Jaipur
CUST1267,Chennai
CUST1268,Kolkata
CUST1269,Ahmedabad
CUST1270,Jaipur
CUST1271,Bangalore
CUST1272,Hyderabad
CUST1273,Chennai
CUST1274,Hyderabad
CUST1275,Mumbai
CUST1276,Noida
CUST1277,Ahmedabad
CUST1278,Mumbai
CUST1279,Pune
CUST1280,Mumbai
CUST1281,Mumbai
CUST1282,Noida
CUST1283,Jaipur
CUST1284,Ahmedabad
CUST1285,Ahmedabad
CUST1286,Bangalore
CUST1287,Mumbai
CUST1288,Ahmedabad
CUST1289,Delhi
CUST1290,Bangalore
CUST1291,Delhi
CUST1292,Noida
CUST1293,Delhi
CUST1294,Hyderabad
CUST1295,Kolkata
CUST1296,Delhi
CUST1297,Noida
CUST1298,Hyderabad
CUST1299,Noida
CUST1300,Noida
CUST1301,Mumbai
CUST1302,Noida
CUST1303,Delhi
CUST1304,Kolkata
CUST1305,Noida
CUST1306,Noida
CUST1307,Ahmedabad
CUST1308,Pune
CUST1309,Chennai
CUST1310,Hyderabad
CUST1311,Pune
CUST1312,Hyderabad
CUST1313,Chennai
CUST1314,Kolkata
CUST1315,Bangalore
CUST1316,Chennai
CUST1317,Jaipur
CUST1318,Pune
CUST1319,Delhi
CUST1320,Mumbai
CUST1321,Jaipur
CUST1322,Noida
CUST1323,Noida
CUST1324,Delhi
CUST1325,Delhi
CUST1326,Ahmedabad
CUST1327,Hyderabad
CUST1328,Ahmedabad
CUST1329,Chennai
CUST1330,Bangalore
CUST1331,Pune
CUST1332,Delhi
CUST1333,Hyderabad
CUST1334,Pune
CUST1335,Chennai
CUST1336,Bangalore
CUST1337,Jaipur
CUST1338,Ahmedabad
CUST1339,Chennai
CUST1340,Noida
CUST1341,Ahmedabad
CUST1342,Mumbai
CUST1343,Ahmedabad
CUST1344,Chennai
CUST1345,Delhi
CUST1346,Bangalore
CUST1347,Chennai
CUST1348,Delhi
CUST1349,Delhi
CUST1350,Ahmedabad
CUST1351,Bangalore
CUST1352,Chennai
CUST1353,Chennai
CUST1354,Noida
CUST1355,Hyderabad
CUST1356,Pune
CUST1357,Hyderabad
CUST1358,Chennai
CUST1359,Ahmedabad
CUST1360,Jaipur
CUST1361,Chennai
CUST1362,Mumbai
CUST1363,Delhi
CUST1364,Kolkata
CUST1365,Chennai
CUST1366,Mumbai
CUST1367,Mumbai
CUST1368,Pune
CUST1369,Bangalore
CUST1370,Chennai
CUST1371,Bangalore
CUST1372,Jaipur
CUST1373,Ahmedabad
CUST1374,Kolkata
CUST1375,Ahmedabad
CUST1376,Mumbai
CUST1377,Delhi
CUST1378,Delhi
CUST1379,Bangalore
CUST1380,Ahmedabad
CUST1381,Mumbai
CUST1382,Pune
CUST1383,Noida
CUST1384,Ahmedabad
CUST1385,Bangalore
CUST1386,Kolkata
CUST1387,Bangalore
CUST1388,Mumbai
CUST1389,Chennai
CUST1390,Pune
CUST1391,Mumbai
CUST1392,Pune
CUST1393,Hyderabad
CUST1394,Hyderabad
CUST1395,Delhi
CUST1396,Pune
CUST1397,Ahmedabad
CUST1398,Kolkata
CUST1399,Noida
CUST1400,Bangalore
CUST1401,Hyderabad
CUST1402,Bangalore
CUST1403,Bangalore
CUST1404,Kolkata
CUST1405,Mumbai
CUST1406,Bangalore
CUST1407,Pune
CUST1408,Kolkata
CUST1409,Hyderabad
CUST1410,Chennai
CUST1411,Bangalore
CUST1412,Delhi
CUST1413,Kolkata
CUST1414,Mumbai
CUST1415,Jaipur
CUST1416,Hyderabad
CUST1417,Hyderabad
CUST1418,Jaipur
CUST1419,Pune
CUST1420,Chennai
CUST1421,Hyderabad
CUST1422,Hyderabad
CUST1423,Mumbai
CUST1424,Hyderabad
CUST1425,Kolkata
CUST1426,Pune
CUST1427,Chennai
CUST1428,Delhi
CUST1429,Chennai
CUST1430,Pune
CUST1431,Ahmedabad
CUST1432,Kolkata
CUST1433,Ahmedabad
CUST1434,Pune
CUST1435,Mumbai
CUST1436,Delhi
CUST1437,Chennai
CUST1438,Bangalore
CUST1439,Noida
CUST1440,Chennai
CUST1441,Mumbai
CUST1442,Delhi
CUST1443,Noida
CUST1444,Kolkata
CUST1445,Pune
CUST1446,Pune
CUST1447,Kolkata
CUST1448,Noida
CUST1449,Ahmedabad
CUST1450,Delhi
CUST1451,Kolkata
CUST1452,Noida
CUST1453,Hyderabad
CUST1454,Chennai
CUST1455,Mumbai
CUST1456,Kolkata
CUST1457,Mumbai
CUST1458,Ahmedabad
CUST1459,Ahmedabad
CUST1460,Hyderabad
CUST1461,Pune
CUST1462,Kolkata
CUST1463,Delhi
CUST1464,Pune
CUST1465,Noida
CUST1466,Pune
CUST1467,Delhi
CUST1468,Chennai
CUST1469,Ahmedabad
CUST1470,Chennai
CUST1471,Kolkata
CUST1472,Pune
CUST1473,Kolkata
CUST1474,Chennai
CUST1475,Ahmedabad
CUST1476,Bangalore
CUST1477,Hyderabad
CUST1478,Kolkata
CUST1479,Kolkata
CUST1480,Bangalore
CUST1481,Noida
CUST1482,Noida
CUST1483,Chennai
CUST1484,Kolkata
CUST1485,Ahmedabad
CUST1486,Mumbai
CUST1487,Chennai
CUST1488,Chennai
CUST1489,Hyderabad
CUST1490,Kolkata
CUST1491,Noida
CUST1492,Noida
CUST1493,Pune
CUST1494,Jaipur
CUST1495,Jaipur
CUST1496,Jaipur
CUST1497,Hyderabad
CUST1498,Ahmedabad
CUST1499,Jaipur
CUST1500,Bangalore
CUST1501,Delhi
CUST1502,Chennai
CUST1503,Ahmedabad
CUST1504,Noida
CUST1505,Pune
CUST1506,Delhi
CUST1507,Hyderabad
CUST1508,Chennai
CUST1509,Hyderabad
CUST1510,Hyderabad
CUST1511,Bangalore
CUST1512,Mumbai
CUST1513,Mumbai
CUST1514,Hyderabad
CUST1515,Jaipur
CUST1516,Noida
CUST1517,Delhi
CUST1518,Jaipur
CUST1519,Kolkata
CUST1520,Noida
CUST1521,Hyderabad
CUST1522,Kolkata
CUST1523,Jaipur
CUST1524,Kolkata
CUST1525,Hyderabad
CUST1526,Bangalore
CUST1527,Mumbai
CUST1528,Delhi
CUST1529,Kolkata
CUST1530,Hyderabad
CUST1531,Bangalore
CUST1532,Ahmedabad
CUST1533,Jaipur
CUST1534,Mumbai
CUST1535,Ahmedabad
CUST1536,Hyderabad
CUST1537,Delhi
CUST1538,Jaipur
CUST1539,Bangalore
CUST1540,Jaipur
CUST1541,Ahmedabad
CUST1542,Ahmedabad
CUST1543,Noida
CUST1544,Pune
CUST1545,Jaipur
CUST1546,Noida
CUST1547,Ahmedabad
CUST1548,Kolkata
CUST1549,Ahmedabad
CUST1550,Jaipur
CUST1551,Bangalore
CUST1552,Jaipur
CUST1553,Jaipur
CUST1554,Chennai
CUST1555,Hyderabad
CUST1556,Chennai
CUST1557,Ahmedabad
CUST1558,Jaipur
CUST1559,Hyderabad
CUST1560,Chennai
CUST1561,Jaipur
CUST1562,Delhi
CUST1563,Chennai
CUST1564,Hyderabad
CUST1565,Chennai
CUST1566,Pune
CUST1567,Pune
CUST1568,Ahmedabad
CUST1569,Delhi
CUST1570,Bangalore
CUST1571,Bangalore
CUST1572,Hyderabad
CUST1573,Kolkata
CUST1574,Bangalore
CUST1575,Hyderabad
CUST1576,Delhi
CUST1577,Kolkata
CUST1578,Kolkata
CUST1579,Pune
CUST1580,Ahmedabad
CUST1581,Jaipur
CUST1582,Kolkata
CUST1583,Mumbai
CUST1584,Hyderabad
CUST1585,Kolkata
CUST1586,Kolkata
CUST1587,Noida
CUST1588,Mumbai
CUST1589,Noida
CUST1590,Kolkata
CUST1591,Jaipur
CUST1592,Mumbai
CUST1593,Pune
CUST1594,Chennai
CUST1595,Kolkata
CUST1596,Kolkata
CUST1597,Ahmedabad
CUST1598,Ahmedabad
CUST1599,Noida
CUST1600,Hyderabad
CUST1601,Jaipur
CUST1602,Hyderabad
CUST1603,Chennai
CUST1604,Kolkata
CUST1605,Jaipur
CUST1606,Mumbai
CUST1607,Kolkata
CUST1608,Pune
CUST1609,Kolkata
CUST1610,Bangalore
CUST1611,Jaipur
CUST1612,Bangalore
CUST1613,Noida
CUST1614,Ahmedabad
CUST1615,Mumbai
CUST1616,Kolkata
CUST1617,Noida
CUST1618,Noida
CUST1619,Mumbai
CUST1620,Delhi
CUST1621,Kolkata
CUST1622,Bangalore
CUST1623,Jaipur
CUST1624,Bangalore
CUST1625,Mumbai
CUST1626,Chennai
CUST1627,Kolkata
CUST1628,Pune
CUST1629,Hyderabad
CUST1630,Jaipur
CUST1631,Pune
CUST1632,Pune
CUST1633,Kolkata
CUST1634,Chennai
CUST1635,Kolkata
CUST1636,Chennai
CUST1637,Delhi
CUST1638,Jaipur
CUST1639,Mumbai
CUST1640,Ahmedabad
CUST1641,Mumbai
CUST1642,Pune
CUST1643,Hyderabad
CUST1644,Delhi
CUST1645,Mumbai
CUST1646,Mumbai
CUST1647,Hyderabad
CUST1648,Hyderabad
CUST1649,Mumbai
CUST1650,Noida
CUST1651,Bangalore
CUST1652,Hyderabad
CUST1653,Bangalore
CUST1654,Jaipur
CUST1655,Delhi
CUST1656,Noida
CUST1657,Hyderabad
CUST1658,Jaipur
CUST1659,Chennai
CUST1660,Pune
CUST1661,Bangalore
CUST1662,Noida
CUST1663,Noida
CUST1664,Delhi
CUST1665,Bangalore
CUST1666,Chennai
CUST1667,Delhi
CUST1668,Noida
CUST1669,Mumbai
CUST1670,Chennai
CUST1671,Noida
CUST1672,Kolkata
CUST1673,Kolkata
CUST1674,Hyderabad
CUST1675,Delhi
CUST1676,Noida
CUST1677,Hyderabad
CUST1678,Delhi
CUST1679,Chennai
CUST1680,Noida
CUST1681,Delhi
CUST1682,Noida
CUST1683,Mumbai
CUST1684,Pune
CUST1685,Ahmedabad
CUST1686,Kolkata
CUST1687,Pune
CUST1688,Delhi
CUST1689,Ahmedabad
CUST1690,Pune
CUST1691,Mumbai
CUST1692,Kolkata
CUST1693,Jaipur
CUST1694,Delhi
CUST1695,Kolkata
CUST1696,Pune
CUST1697,Jaipur
CUST1698,Bangalore
CUST1699,Kolkata
CUST1700,Bangalore
CUST1701,Ahmedabad
CUST1702,Chennai
CUST1703,Noida
CUST1704,Ahmedabad
CUST1705,Jaipur
CUST1706,Jaipur
CUST1707,Kolkata
CUST1708,Noida
CUST1709,Chennai
CUST1710,Pune
CUST1711,Hyderabad
CUST1712,Delhi
CUST1713,Chennai
CUST1714,Jaipur
CUST1715,Hyderabad
CUST1716,Jaipur
CUST1717,Noida
CUST1718,Noida
CUST1719,Kolkata
CUST1720,Pune
CUST1721,Mumbai
CUST1722,Jaipur
CUST1723,Pune
CUST1724,Bangalore
CUST1725,Jaipur
CUST1726,Hyderabad
CUST1727,Pune
CUST1728,Chennai
CUST1729,Pune
CUST1730,Chennai
CUST1731,Noida
CUST1732,Chennai
CUST1733,Ahmedabad
CUST1734,Mumbai
CUST1735,Ahmedabad
CUST1736,Hyderabad
CUST1737,Delhi
CUST1738,Hyderabad
CUST1739,Kolkata
CUST1740,Jaipur
CUST1741,Ahmedabad
CUST1742,Hyderabad
CUST1743,Jaipur
CUST1744,Jaipur
CUST1745,Jaipur
CUST1746,Mumbai
CUST1747,Delhi
CUST1748,Chennai
CUST1749,Hyderabad
CUST1750,Kolkata
CUST1751,Hyderabad
CUST1752,Chennai
CUST1753,Noida
CUST1754,Pune
CUST1755,Jaipur
CUST1756,Ahmedabad
CUST1757,Ahmedabad
CUST1758,Pune
CUST1759,Kolkata
CUST1760,Ahmedabad
CUST1761,Pune
CUST1762,Pune
CUST1763,Jaipur
CUST1764,Chennai
CUST1765,Chennai
CUST1766,Chennai
CUST1767,Hyderabad
CUST1768,Delhi
CUST1769,Hyderabad
CUST1770,Pune
CUST1771,Delhi
CUST1772,Ahmedabad
CUST1773,Bangalore
CUST1774,Hyderabad
CUST1775,Hyderabad
CUST1776,Jaipur
CUST1777,Chennai
CUST1778,Noida
CUST1779,Ahmedabad
CUST1780,Noida
CUST1781,Chennai
CUST1782,Delhi
CUST1783,Hyderabad
CUST1784,Chennai
CUST1785,Hyderabad
CUST1786,Pune
CUST1787,Bangalore
CUST1788,Chennai
CUST1789,Mumbai
CUST1790,Ahmedabad
CUST1791,Bangalore
CUST1792,Chennai
CUST1793,Mumbai
CUST1794,Mumbai
CUST1795,Ahmedabad
CUST1796,Chennai
CUST1797,Bangalore
CUST1798,Jaipur
CUST1799,Delhi
CUST1800,Mumbai
CUST1801,Noida
CUST1802,Chennai
CUST1803,Jaipur
CUST1804,Jaipur
CUST1805,Jaipur
CUST1806,Pune
CUST1807,Bangalore
CUST1808,Mumbai
CUST1809,Chennai
CUST1810,Jaipur
CUST1811,Delhi
CUST1812,Delhi
CUST1813,Kolkata
CUST1814,Jaipur
CUST1815,Delhi
CUST1816,Noida
CUST1817,Mumbai
CUST1818,Bangalore
CUST1819,Bangalore
CUST1820,Noida
CUST1821,Chennai
CUST1822,Delhi
CUST1823,Hyderabad
CUST1824,Delhi
CUST1825,Ahmedabad
CUST1826,Kolkata
CUST1827,Noida
CUST1828,Noida
CUST1829,Noida
CUST1830,Hyderabad
CUST1831,Ahmedabad
CUST1832,Kolkata
CUST1833,Jaipur
CUST1834,Jaipur
CUST1835,Chennai
CUST1836,Noida
CUST1837,Kolkata
CUST1838,Chennai
CUST1839,Noida
CUST1840,Noida
CUST1841,Mumbai
CUST1842,Noida
CUST1843,Delhi
CUST1844,Hyderabad
CUST1845,Hyderabad
CUST1846,Chennai
CUST1847,Delhi
CUST1848,Bangalore
CUST1849,Hyderabad
CUST1850,Bangalore
CUST1851,Ahmedabad
CUST1852,Delhi
CUST1853,Bangalore
CUST1854,Mumbai
CUST1855,Kolkata
CUST1856,Jaipur
CUST1857,Noida
CUST1858,Jaipur
CUST1859,Chennai
CUST1860,Mumbai
CUST1861,Hyderabad
CUST1862,Chennai
CUST1863,Chennai
CUST1864,Jaipur
CUST1865,Delhi
CUST1866,Hyderabad
CUST1867,Chennai
CUST1868,Noida
CUST1869,Hyderabad
CUST1870,Kolkata
CUST1871,Delhi
CUST1872,Ahmedabad
CUST1873,Hyderabad
CUST1874,Bangalore
CUST1875,Chennai
CUST1876,Bangalore
CUST1877,Delhi
CUST1878,Mumbai
CUST1879,Bangalore
CUST1880,Chennai
CUST1881,Noida
CUST1882,Noida
CUST1883,Chennai
CUST1884,Jaipur
CUST1885,Delhi
CUST1886,Jaipur
CUST1887,Chennai
CUST1888,Kolkata
CUST1889,Chennai
CUST1890,Ahmedabad
CUST1891,Ahmedabad
CUST1892,Jaipur
CUST1893,Jaipur
CUST1894,Delhi
CUST1895,Noida
CUST1896,Mumbai
CUST1897,Kolkata
CUST1898,Pune
CUST1899,Noida
CUST1900,Chennai
CUST1901,Mumbai
CUST1902,Delhi
CUST1903,Hyderabad
CUST1904,Noida
CUST1905,Noida
CUST1906,Mumbai
CUST1907,Chennai
CUST1908,Noida
CUST1909,Mumbai
CUST1910,Bangalore
CUST1911,Jaipur
CUST1912,Ahmedabad
CUST1913,Jaipur
CUST1914,Chennai
CUST1915,Bangalore
CUST1916,Noida
CUST1917,Kolkata
CUST1918,Jaipur
CUST1919,Delhi
CUST1920,Jaipur
CUST1921,Pune
CUST1922,Kolkata
CUST1923,Pune
CUST1924,Pune
CUST1925,Delhi
CUST1926,Bangalore
CUST1927,Pune
CUST1928,Kolkata
CUST1929,Jaipur
CUST1930,Chennai
CUST1931,Kolkata
CUST1932,Ahmedabad
CUST1933,Mumbai
CUST1934,Jaipur
CUST1935,Delhi
CUST1936,Pune
CUST1937,Chennai
CUST1938,Pune
CUST1939,Delhi
CUST1940,Kolkata
CUST1941,Ahmedabad
CUST1942,Mumbai
CUST1943,Ahmedabad
CUST1944,Jaipur
CUST1945,Kolkata
CUST1946,Mumbai
CUST1947,Hyderabad
CUST1948,Ahmedabad
CUST1949,Pune
CUST1950,Noida
CUST1951,Jaipur
CUST1952,Jaipur
CUST1953,Mumbai
CUST1954,Hyderabad
CUST1955,Chennai
CUST1956,Ahmedabad
CUST1957,Bangalore
CUST1958,Chennai
CUST1959,Jaipur
CUST1960,Jaipur
CUST1961,Delhi
CUST1962,Mumbai
CUST1963,Noida
CUST1964,Hyderabad
CUST1965,Bangalore
CUST1966,Chennai
CUST1967,Ahmedabad
CUST1968,Mumbai
CUST1969,Ahmedabad
CUST1970,Kolkata
CUST1971,Delhi
CUST1972,Hyderabad
CUST1973,Delhi
CUST1974,Jaipur
CUST1975,Delhi
CUST1976,Bangalore
CUST1977,Jaipur
CUST1978,Chennai
CUST1979,Ahmedabad
CUST1980,Chennai
CUST1981,Kolkata
CUST1982,Jaipur
CUST1983,Jaipur
CUST1984,Hyderabad
CUST1985,Jaipur
CUST1986,Ahmedabad
CUST1987,Bangalore
CUST1988,Kolkata
CUST1989,Hyderabad
CUST1990,Noida
CUST1991,Ahmedabad
CUST1992,Bangalore
CUST1993,Delhi
CUST1994,Chennai
CUST1995,Kolkata
CUST1996,Pune
CUST1997,Ahmedabad
CUST1998,Chennai
CUST1999,Mumbai
CUST2000,Chennai
CUST2001,Chennai
CUST2002,Noida
CUST2003,Noida
CUST2004,Jaipur
CUST2005,Bangalore
CUST2006,Jaipur
CUST2007,Ahmedabad
CUST2008,Jaipur
CUST2009,Pune
CUST2010,Pune
CUST2011,Ahmedabad
CUST2012,Ahmedabad
CUST2013,Kolkata
CUST2014,Jaipur
CUST2015,Pune
CUST2016,Hyderabad
CUST2017,Hyderabad
CUST2018,Noida
CUST2019,Kolkata
CUST2020,Hyderabad
CUST2021,Kolkata
CUST2022,Mumbai
CUST2023,Pune
CUST2024,Jaipur
CUST2025,Kolkata
CUST2026,Kolkata
CUST2027,Bangalore
CUST2028,Jaipur
CUST2029,Mumbai
CUST2030,Bangalore
CUST2031,Ahmedabad
CUST2032,Noida
CUST2033,Pune
CUST2034,Delhi
CUST2035,Jaipur
CUST2036,Delhi
CUST2037,Ahmedabad
CUST2038,Jaipur
CUST2039,Mumbai
CUST2040,Bangalore
CUST2041,Kolkata
CUST2042,Bangalore
CUST2043,Delhi
CUST2044,Jaipur
CUST2045,Chennai
CUST2046,Pune
CUST2047,Noida
CUST2048,Kolkata
CUST2049,Delhi
CUST2050,Pune
CUST2051,Ahmedabad
CUST2052,Kolkata
CUST2053,Pune
CUST2054,Jaipur
CUST2055,Ahmedabad
CUST2056,Mumbai
CUST2057,Noida
CUST2058,Delhi
CUST2059,Hyderabad
CUST2060,Chennai
CUST2061,Hyderabad
CUST2062,Delhi
CUST2063,Kolkata
CUST2064,Delhi
CUST2065,Delhi
CUST2066,Jaipur
CUST2067,Bangalore
CUST2068,Chennai
CUST2069,Mumbai
CUST2070,Mumbai
CUST2071,Pune
CUST2072,Mumbai
CUST2073,Chennai
CUST2074,Pune
CUST2075,Pune
CUST2076,Kolkata
CUST2077,Bangalore
CUST2078,Hyderabad
CUST2079,Ahmedabad
CUST2080,Kolkata
CUST2081,Noida
CUST2082,Bangalore
CUST2083,Bangalore
CUST2084,Bangalore
CUST2085,Delhi
CUST2086,Noida
CUST2087,Kolkata
CUST2088,Noida
CUST2089,Hyderabad
CUST2090,Jaipur
CUST2091,Noida
CUST2092,Bangalore
CUST2093,Hyderabad
CUST2094,Jaipur
CUST2095,Chennai
CUST2096,Jaipur
CUST2097,Chennai
CUST2098,Mumbai
CUST2099,Jaipur
CUST2100,Chennai
CUST2101,Ahmedabad
CUST2102,Bangalore
CUST2103,Delhi
CUST2104,Jaipur
CUST2105,Pune
CUST2106,Noida
CUST2107,Chennai
CUST2108,Kolkata
CUST2109,Chennai
CUST2110,Jaipur
CUST2111,Chennai
CUST2112,Hyderabad
CUST2113,Kolkata
CUST2114,Jaipur
CUST2115,Delhi
CUST2116,Hyderabad
CUST2117,Kolkata
CUST2118,Noida
CUST2119,Pune
CUST2120,Noida
CUST2121,Chennai
CUST2122,Chennai
CUST2123,Mumbai
CUST2124,Kolkata
CUST2125,Chennai
CUST2126,Mumbai
CUST2127,Noida
CUST2128,Mumbai
CUST2129,Noida
CUST2130,Jaipur
CUST2131,Chennai
CUST2132,Hyderabad
CUST2133,Noida
CUST2134,Pune
CUST2135,Hyderabad
CUST2136,Hyderabad
CUST2137,Noida
CUST2138,Chennai
CUST2139,Bangalore
CUST2140,Delhi
CUST2141,Mumbai
CUST2142,Chennai
CUST2143,Jaipur
CUST2144,Mumbai
CUST2145,Noida
CUST2146,Pune
CUST2147,Bangalore
CUST2148,Delhi
CUST2149,Chennai
CUST2150,Pune
CUST2151,Kolkata
CUST2152,Bangalore
CUST2153,Hyderabad
CUST2154,Bangalore
CUST2155,Ahmedabad
CUST2156,Pune
CUST2157,Ahmedabad
CUST2158,Ahmedabad
CUST2159,Chennai
CUST2160,Bangalore
CUST2161,Chennai
CUST2162,Jaipur
CUST2163,Chennai
CUST2164,Pune
CUST2165,Delhi
CUST2166,Jaipur
CUST2167,Delhi
CUST2168,Bangalore
CUST2169,Hyderabad
CUST2170,Kolkata
CUST2171,Ahmedabad
CUST2172,Pune
CUST2173,Delhi
CUST2174,Kolkata
CUST2175,Mumbai
CUST2176,Chennai
CUST2177,Ahmedabad
CUST2178,Delhi
CUST2179,Jaipur
CUST2180,Pune
CUST2181,Chennai
CUST2182,Noida
CUST2183,Kolkata
CUST2184,Pune
CUST2185,Delhi
CUST2186,Hyderabad
CUST2187,Jaipur
CUST2188,Mumbai
CUST2189,Noida
CUST2190,Ahmedabad
CUST2191,Pune
CUST2192,Noida
CUST2193,Hyderabad
CUST2194,Delhi
CUST2195,Jaipur
CUST2196,Chennai
CUST2197,Kolkata
CUST2198,Delhi
CUST2199,Bangalore
CUST2200,Mumbai
CUST2201,Mumbai
CUST2202,Chennai
CUST2203,Jaipur
CUST2204,Delhi
CUST2205,Delhi
CUST2206,Hyderabad
CUST2207,Ahmedabad
CUST2208,Bangalore
CUST2209,Kolkata
CUST2210,Jaipur
CUST2211,Pune
CUST2212,Ahmedabad
CUST2213,Kolkata
CUST2214,Noida
CUST2215,Bangalore
CUST2216,Kolkata
CUST2217,Delhi
CUST2218,Jaipur
CUST2219,Noida
CUST2220,Kolkata
CUST2221,Chennai
CUST2222,Mumbai
CUST2223,Pune
CUST2224,Hyderabad
CUST2225,Jaipur
CUST2226,Jaipur
CUST2227,Hyderabad
CUST2228,Pune
CUST2229,Delhi
CUST2230,Pune
CUST2231,Ahmedabad
CUST2232,Pune
CUST2233,Mumbai
CUST2234,Kolkata
CUST2235,Chennai
CUST2236,Hyderabad
CUST2237,Delhi
CUST2238,Jaipur
CUST2239,Delhi
CUST2240,Hyderabad
CUST2241,Noida
CUST2242,Mumbai
CUST2243,Mumbai
CUST2244,Pune
CUST2245,Hyderabad
CUST2246,Bangalore
CUST2247,Noida
CUST2248,Hyderabad
CUST2249,Delhi
CUST2250,Ahmedabad
CUST2251,Hyderabad
CUST2252,Noida
CUST2253,Hyderabad
CUST2254,Hyderabad
CUST2255,Pune
CUST2256,Bangalore
CUST2257,Noida
CUST2258,Mumbai
CUST2259,Chennai
CUST2260,Bangalore
CUST2261,Bangalore
CUST2262,Ahmedabad
CUST2263,Chennai
CUST2264,Bangalore
CUST2265,Delhi
CUST2266,Mumbai
CUST2267,Bangalore
CUST2268,Mumbai
CUST2269,Pune
CUST2270,Hyderabad
CUST2271,Noida
CUST2272,Pune
CUST2273,Mumbai
CUST2274,Bangalore
CUST2275,Chennai
CUST2276,Mumbai
CUST2277,Bangalore
CUST2278,Kolkata
CUST2279,Ahmedabad
CUST2280,Delhi
CUST2281,Delhi
CUST2282,Jaipur
CUST2283,Jaipur
CUST2284,Pune
CUST2285,Ahmedabad
CUST2286,Noida
CUST2287,Delhi
CUST2288,Jaipur
CUST2289,Ahmedabad
CUST2290,Hyderabad
CUST2291,Noida
CUST2292,Mumbai
CUST2293,Ahmedabad
CUST2294,Chennai
CUST2295,Jaipur
CUST2296,Mumbai
CUST2297,Mumbai
CUST2298,Jaipur
CUST2299,Kolkata
CUST2300,Kolkata
CUST2301,Delhi
CUST2302,Jaipur
CUST2303,Jaipur
CUST2304,Delhi
CUST2305,Delhi
CUST2306,Pune
CUST2307,Noida
CUST2308,Bangalore
CUST2309,Delhi
CUST2310,Bangalore
CUST2311,Chennai
CUST2312,Noida
CUST2313,Noida
CUST2314,Ahmedabad
CUST2315,Pune
CUST2316,Kolkata
CUST2317,Noida
CUST2318,Ahmedabad
CUST2319,Chennai
CUST2320,Jaipur
CUST2321,Ahmedabad
CUST2322,Noida
CUST2323,Kolkata
CUST2324,Delhi
CUST2325,Delhi
CUST2326,Ahmedabad
CUST2327,Hyderabad
CUST2328,Kolkata
CUST2329,Jaipur
CUST2330,Hyderabad
CUST2331,Kolkata
CUST2332,Pune
CUST2333,Jaipur
CUST2334,Kolkata
CUST2335,Kolkata
CUST2336,Delhi
CUST2337,Pune
CUST2338,Kolkata
CUST2339,Pune
CUST2340,Chennai
CUST2341,Pune
CUST2342,Bangalore
CUST2343,Jaipur
CUST2344,Delhi
CUST2345,Delhi
CUST2346,Delhi
CUST2347,Delhi
CUST2348,Kolkata
CUST2349,Delhi
CUST2350,Pune
CUST2351,Bangalore
CUST2352,Ahmedabad
CUST2353,Mumbai
CUST2354,Noida
CUST2355,Ahmedabad
CUST2356,Ahmedabad
CUST2357,Pune
CUST2358,Delhi
CUST2359,Kolkata
CUST2360,Pune
CUST2361,Kolkata
CUST2362,Mumbai
CUST2363,Chennai
CUST2364,Noida
CUST2365,Chennai
CUST2366,Pune
CUST2367,Delhi
CUST2368,Noida
CUST2369,Ahmedabad
CUST2370,Hyderabad
CUST2371,Bangalore
CUST2372,Jaipur
CUST2373,Hyderabad
CUST2374,Delhi
CUST2375,Pune
CUST2376,Ahmedabad
CUST2377,Pune
CUST2378,Delhi
CUST2379,Chennai
CUST2380,Noida
CUST2381,Hyderabad
CUST2382,Kolkata
CUST2383,Ahmedabad
CUST2384,Noida
CUST2385,Noida
CUST2386,Ahmedabad
CUST2387,Mumbai
CUST2388,Noida
CUST2389,Chennai
CUST2390,Mumbai
CUST2391,Bangalore
CUST2392,Chennai
CUST2393,Chennai
CUST2394,Pune
CUST2395,Pune
CUST2396,Mumbai
CUST2397,Bangalore
CUST2398,Bangalore
CUST2399,Noida
CUST2400,Kolkata
CUST2401,Delhi
CUST2402,Bangalore
CUST2403,Mumbai
CUST2404,Delhi
CUST2405,Ahmedabad
CUST2406,Hyderabad
CUST2407,Kolkata
CUST2408,Kolkata
CUST2409,Jaipur
CUST2410,Pune
CUST2411,Bangalore
CUST2412,Pune
CUST2413,Chennai
CUST2414,Pune
CUST2415,Noida
CUST2416,Noida
CUST2417,Delhi
CUST2418,Mumbai
CUST2419,Bangalore
CUST2420,Bangalore
CUST2421,Noida
CUST2422,Mumbai
CUST2423,Delhi
CUST2424,Chennai
CUST2425,Jaipur
CUST2426,Kolkata
CUST2427,Jaipur
CUST2428,Noida
CUST2429,Jaipur
CUST2430,Kolkata
CUST2431,Chennai
CUST2432,Hyderabad
CUST2433,Ahmedabad
CUST2434,Delhi
CUST2435,Pune
CUST2436,Kolkata
CUST2437,Delhi
CUST2438,Chennai
CUST2439,Noida
CUST2440,Jaipur
CUST2441,Ahmedabad
CUST2442,Chennai
CUST2443,Mumbai
CUST2444,Hyderabad
CUST2445,Kolkata
CUST2446,Noida
CUST2447,Mumbai
CUST2448,Mumbai
CUST2449,Hyderabad
CUST2450,Chennai
CUST2451,Hyderabad
CUST2452,Bangalore
CUST2453,Chennai
CUST2454,Chennai
CUST2455,Pune
CUST2456,Delhi
CUST2457,Mumbai
CUST2458,Jaipur
CUST2459,Kolkata
CUST2460,Bangalore
CUST2461,Bangalore
CUST2462,Kolkata
CUST2463,Ahmedabad
CUST2464,Hyderabad
CUST2465,Ahmedabad
CUST2466,Ahmedabad
CUST2467,Pune
CUST2468,Delhi
CUST2469,Kolkata
CUST2470,Mumbai
CUST2471,Kolkata
CUST2472,Mumbai
CUST2473,Jaipur
CUST2474,Delhi
CUST2475,Pune
CUST2476,Noida
CUST2477,Kolkata
CUST2478,Noida
CUST2479,Kolkata
CUST2480,Kolkata
CUST2481,Chennai
CUST2482,Delhi
CUST2483,Kolkata
CUST2484,Mumbai
CUST2485,Pune
CUST2486,Bangalore
CUST2487,Noida
CUST2488,Jaipur
CUST2489,Pune
CUST2490,Delhi
CUST2491,Kolkata
CUST2492,Delhi
CUST2493,Hyderabad
CUST2494,Kolkata
CUST2495,Noida
CUST2496,Kolkata
CUST2497,Ahmedabad
CUST2498,Delhi
CUST2499,Kolkata
CUST2500,Chennai
CUST2501,Pune
CUST2502,Hyderabad
CUST2503,Pune
CUST2504,Bangalore
CUST2505,Delhi
CUST2506,Ahmedabad
CUST2507,Delhi
CUST2508,Ahmedabad
CUST2509,Ahmedabad
CUST2510,Hyderabad
CUST2511,Pune
CUST2512,Pune
CUST2513,Bangalore
CUST2514,Hyderabad
CUST2515,Delhi
CUST2516,Bangalore
CUST2517,Chennai
CUST2518,Hyderabad
CUST2519,Bangalore
CUST2520,Noida
CUST2521,Bangalore
CUST2522,Delhi
CUST2523,Bangalore
CUST2524,Jaipur
CUST2525,Jaipur
CUST2526,Noida
CUST2527,Noida
CUST2528,Jaipur
CUST2529,Noida
CUST2530,Noida
CUST2531,Pune
CUST2532,Pune
CUST2533,Bangalore
CUST2534,Jaipur
CUST2535,Delhi
CUST2536,Jaipur
CUST2537,Jaipur
CUST2538,Chennai
CUST2539,Chennai
CUST2540,Noida
CUST2541,Mumbai
CUST2542,Pune
CUST2543,Ahmedabad
CUST2544,Delhi
CUST2545,Chennai
CUST2546,Jaipur
CUST2547,Jaipur
CUST2548,Mumbai
CUST2549,Mumbai
CUST2550,Pune
CUST2551,Chennai
CUST2552,Delhi
CUST2553,Delhi
CUST2554,Noida
CUST2555,Noida
CUST2556,Ahmedabad
CUST2557,Kolkata
CUST2558,Jaipur
CUST2559,Noida
CUST2560,Ahmedabad
CUST2561,Mumbai
CUST2562,Jaipur
CUST2563,Noida
CUST2564,Hyderabad
CUST2565,Pune
CUST2566,Noida
CUST2567,Jaipur
CUST2568,Ahmedabad
CUST2569,Bangalore
CUST2570,Mumbai
CUST2571,Jaipur
CUST2572,Delhi
CUST2573,Pune
CUST2574,Delhi
CUST2575,Ahmedabad
CUST2576,Bangalore
CUST2577,Mumbai
CUST2578,Hyderabad
CUST2579,Jaipur
CUST2580,Jaipur
CUST2581,Ahmedabad
CUST2582,Ahmedabad
CUST2583,Noida
CUST2584,Bangalore
CUST2585,Pune
CUST2586,Pune
CUST2587,Chennai
CUST2588,Kolkata
CUST2589,Kolkata
CUST2590,Pune
CUST2591,Noida
CUST2592,Mumbai
CUST2593,Pune
CUST2594,Delhi
CUST2595,Pune
CUST2596,Delhi
CUST2597,Ahmedabad
CUST2598,Kolkata
CUST2599,Chennai
CUST2600,Chennai
CUST2601,Noida
CUST2602,Bangalore
CUST2603,Pune
CUST2604,Delhi
CUST2605,Noida
CUST2606,Bangalore
CUST2607,Pune
CUST2608,Chennai
CUST2609,Kolkata
CUST2610,Bangalore
CUST2611,Noida
CUST2612,Delhi
CUST2613,Chennai
CUST2614,Ahmedabad
CUST2615,Kolkata
CUST2616,Pune
CUST2617,Bangalore
CUST2618,Ahmedabad
CUST2619,Delhi
CUST2620,Kolkata
CUST2621,Ahmedabad
CUST2622,Pune
CUST2623,Mumbai
CUST2624,Pune
CUST2625,Chennai
CUST2626,Bangalore
CUST2627,Hyderabad
CUST2628,Pune
CUST2629,Jaipur
CUST2630,Hyderabad
CUST2631,Hyderabad
CUST2632,Bangalore
CUST2633,Bangalore
CUST2634,Delhi
CUST2635,Chennai
CUST2636,Delhi
CUST2637,Ahmedabad
CUST2638,Ahmedabad
CUST2639,Ahmedabad
CUST2640,Mumbai
CUST2641,Pune
CUST2642,Noida
CUST2643,Bangalore
CUST2644,Noida
CUST2645,Kolkata
CUST2646,Bangalore
CUST2647,Bangalore
CUST2648,Bangalore
CUST2649,Noida
CUST2650,Bangalore
CUST2651,Jaipur
CUST2652,Mumbai
CUST2653,Kolkata
CUST2654,Pune
CUST2655,Hyderabad
CUST2656,Jaipur
CUST2657,Noida
CUST2658,Chennai
CUST2659,Jaipur
CUST2660,Hyderabad
CUST2661,Ahmedabad
CUST2662,Hyderabad
CUST2663,Chennai
CUST2664,Jaipur
CUST2665,Hyderabad
CUST2666,Pune
CUST2667,Noida
CUST2668,Jaipur
CUST2669,Jaipur
CUST2670,Chennai
CUST2671,Kolkata
CUST2672,Ahmedabad
CUST2673,Ahmedabad
CUST2674,Kolkata
CUST2675,Bangalore
CUST2676,Hyderabad
CUST2677,Noida
CUST2678,Bangalore
CUST2679,Chennai
CUST2680,Mumbai
CUST2681,Jaipur
CUST2682,Pune
CUST2683,Ahmedabad
CUST2684,Delhi
CUST2685,Ahmedabad
CUST2686,Delhi
CUST2687,Chennai
CUST2688,Delhi
CUST2689,Bangalore
CUST2690,Chennai
CUST2691,Jaipur
CUST2692,Ahmedabad
CUST2693,Bangalore
CUST2694,Kolkata
CUST2695,Delhi
CUST2696,Hyderabad
CUST2697,Jaipur
CUST2698,Pune
CUST2699,Mumbai
CUST2700,Kolkata
CUST2701,Mumbai
CUST2702,Kolkata
CUST2703,Ahmedabad
CUST2704,Pune
CUST2705,Hyderabad
CUST2706,Kolkata
CUST2707,Delhi
CUST2708,Pune
CUST2709,Hyderabad
CUST2710,Mumbai
CUST2711,Pune
CUST2712,Delhi
CUST2713,Pune
CUST2714,Bangalore
CUST2715,Bangalore
CUST2716,Mumbai
CUST2717,Chennai
CUST2718,Jaipur
CUST2719,Bangalore
CUST2720,Jaipur
CUST2721,Jaipur
CUST2722,Noida
CUST2723,Mumbai
CUST2724,Delhi
CUST2725,Mumbai
CUST2726,Chennai
CUST2727,Hyderabad
CUST2728,Bangalore
CUST2729,Ahmedabad
CUST2730,Noida
CUST2731,Ahmedabad
CUST2732,Kolkata
CUST2733,Delhi
CUST2734,Chennai
CUST2735,Hyderabad
CUST2736,Chennai
CUST2737,Delhi
CUST2738,Mumbai
CUST2739,Hyderabad
CUST2740,Kolkata
CUST2741,Noida
CUST2742,Jaipur
CUST2743,Delhi
CUST2744,Delhi
CUST2745,Jaipur
CUST2746,Noida
CUST2747,Ahmedabad
CUST2748,Mumbai
CUST2749,Ahmedabad
CUST2750,Noida
CUST2751,Hyderabad
CUST2752,Bangalore
CUST2753,Chennai
CUST2754,Kolkata
CUST2755,Mumbai
CUST2756,Noida
CUST2757,Pune
CUST2758,Hyderabad
CUST2759,Noida
CUST2760,Kolkata
CUST2761,Bangalore
CUST2762,Delhi
CUST2763,Ahmedabad
CUST2764,Pune
CUST2765,Delhi
CUST2766,Ahmedabad
CUST2767,Ahmedabad
CUST2768,Ahmedabad
CUST2769,Ahmedabad
CUST2770,Ahmedabad
CUST2771,Mumbai
CUST2772,Kolkata
CUST2773,Jaipur
CUST2774,Mumbai
CUST2775,Kolkata
CUST2776,Pune
CUST2777,Chennai
CUST2778,Mumbai
CUST2779,Pune
CUST2780,Delhi
CUST2781,Pune
CUST2782,Hyderabad
CUST2783,Delhi
CUST2784,Noida
CUST2785,Pune
CUST2786,Bangalore
CUST2787,Mumbai
CUST2788,Pune
CUST2789,Ahmedabad
CUST2790,Pune
CUST2791,Bangalore
CUST2792,Jaipur
CUST2793,Jaipur
CUST2794,Bangalore
CUST2795,Bangalore
CUST2796,Delhi
CUST2797,Jaipur
CUST2798,Mumbai
CUST2799,Chennai
CUST2800,Hyderabad
CUST2801,Mumbai
CUST2802,Hyderabad
CUST2803,Mumbai
CUST2804,Pune
CUST2805,Chennai
CUST2806,Ahmedabad
CUST2807,Kolkata
CUST2808,Ahmedabad
CUST2809,Jaipur
CUST2810,Chennai
CUST2811,Mumbai
CUST2812,Hyderabad
CUST2813,Chennai
CUST2814,Pune
CUST2815,Mumbai
CUST2816,Pune
CUST2817,Chennai
CUST2818,Delhi
CUST2819,Pune
CUST2820,Kolkata
CUST2821,Kolkata
CUST2822,Jaipur
CUST2823,Kolkata
CUST2824,Pune
CUST2825,Bangalore
CUST2826,Jaipur
CUST2827,Jaipur
CUST2828,Pune
CUST2829,Ahmedabad
CUST2830,Chennai
CUST2831,Delhi
CUST2832,Kolkata
CUST2833,Delhi
CUST2834,Kolkata
CUST2835,Noida
CUST2836,Bangalore
CUST2837,Ahmedabad
CUST2838,Chennai
CUST2839,Pune
CUST2840,Delhi
CUST2841,Delhi
CUST2842,Pune
CUST2843,Chennai
CUST2844,Chennai
CUST2845,Jaipur
CUST2846,Noida
CUST2847,Kolkata
CUST2848,Bangalore
CUST2849,Jaipur
CUST2850,Pune
CUST2851,Jaipur
CUST2852,Mumbai
CUST2853,Pune
CUST2854,Noida
CUST2855,Kolkata
CUST2856,Chennai
CUST2857,Mumbai
CUST2858,Delhi
CUST2859,Kolkata
CUST2860,Pune
CUST2861,Ahmedabad
CUST2862,Bangalore
CUST2863,Mumbai
CUST2864,Bangalore
CUST2865,Noida
CUST2866,Jaipur
CUST2867,Mumbai
CUST2868,Bangalore
CUST2869,Delhi
CUST2870,Hyderabad
CUST2871,Pune
CUST2872,Pune
CUST2873,Kolkata
CUST2874,Noida
CUST2875,Mumbai
CUST2876,Noida
CUST2877,Bangalore
CUST2878,Jaipur
CUST2879,Pune
CUST2880,Pune
CUST2881,Jaipur
CUST2882,Delhi
CUST2883,Noida
CUST2884,Bangalore
CUST2885,Ahmedabad
CUST2886,Pune
CUST2887,Kolkata
CUST2888,Pune
CUST2889,Chennai
CUST2890,Hyderabad
CUST2891,Delhi
CUST2892,Mumbai
CUST2893,Bangalore
CUST2894,Jaipur
CUST2895,Ahmedabad
CUST2896,Kolkata
CUST2897,Ahmedabad
CUST2898,Delhi
CUST2899,Chennai
CUST2900,Chennai
CUST2901,Jaipur
CUST2902,Hyderabad
CUST2903,Noida
CUST2904,Chennai
CUST2905,Jaipur
CUST2906,Hyderabad
CUST2907,Delhi
CUST2908,Bangalore
CUST2909,Delhi
CUST2910,Jaipur
CUST2911,Bangalore
CUST2912,Jaipur
CUST2913,Delhi
CUST2914,Pune
CUST2915,Pune
CUST2916,Delhi
CUST2917,Ahmedabad
CUST2918,Ahmedabad
CUST2919,Chennai
CUST2920,Chennai
CUST2921,Bangalore
CUST2922,Bangalore
CUST2923,Pune
CUST2924,Ahmedabad
CUST2925,Hyderabad
CUST2926,Delhi
CUST2927,Hyderabad
CUST2928,Bangalore
CUST2929,Hyderabad
CUST2930,Jaipur
CUST2931,Mumbai
CUST2932,Pune
CUST2933,Ahmedabad
CUST2934,Noida
CUST2935,Pune
CUST2936,Jaipur
CUST2937,Ahmedabad
CUST2938,Bangalore
CUST2939,Noida
CUST2940,Delhi
CUST2941,Delhi
CUST2942,Chennai
CUST2943,Kolkata
CUST2944,Jaipur
CUST2945,Ahmedabad
CUST2946,Kolkata
CUST2947,Kolkata
CUST2948,Noida
CUST2949,Delhi
CUST2950,Bangalore
CUST2951,Pune
CUST2952,Delhi
CUST2953,Jaipur
CUST2954,Jaipur
CUST2955,Ahmedabad
CUST2956,Pune
CUST2957,Bangalore
CUST2958,Ahmedabad
CUST2959,Noida
CUST2960,Bangalore
CUST2961,Bangalore
CUST2962,Kolkata
CUST2963,Ahmedabad
CUST2964,Mumbai
CUST2965,Delhi
CUST2966,Ahmedabad
CUST2967,Bangalore
CUST2968,Chennai
CUST2969,Bangalore
CUST2970,Bangalore
CUST2971,Pune
CUST2972,Hyderabad
CUST2973,Pune
CUST2974,Ahmedabad
CUST2975,Chennai
CUST2976,Delhi
CUST2977,Chennai
CUST2978,Hyderabad
CUST2979,Ahmedabad
CUST2980,Chennai
CUST2981,Bangalore
CUST2982,Chennai
CUST2983,Noida
CUST2984,Ahmedabad
CUST2985,Delhi
CUST2986,Ahmedabad
CUST2987,Bangalore
CUST2988,Noida
CUST2989,Noida
CUST2990,Bangalore
CUST2991,Bangalore
CUST2992,Noida
CUST2993,Noida
CUST2994,Pune
CUST2995,Noida
CUST2996,Mumbai
CUST2997,Mumbai
CUST2998,Delhi
CUST2999,Mumbai
